n,dtype,ver,hw,cycles,macs,cpm,chk,ok,flash
4,I32,V0,H0,45769,64,715.14,0x0001B7FC,1,3941
4,I32,V1,H0,46750,64,730.46,0x0001B7FC,1,3941
4,I32,V2,H0,44058,64,688.40,0x0001B7FC,1,3941
4,I32,V3,H0,44073,64,688.64,0x0001B7FC,1,3941
4,I32,V0,H1,6132,64,95.81,0x0001B7FC,1,3271
4,I32,V1,H1,6560,64,102.50,0x0001B7FC,1,3271
4,I32,V2,H1,5438,64,84.96,0x0001B7FC,1,3271
4,I32,V3,H1,5453,64,85.20,0x0001B7FC,1,3271
4,I32,V0,H2,3956,64,61.81,0x0001B7FC,1,3271
4,I32,V1,H2,4384,64,68.50,0x0001B7FC,1,3271
4,I32,V2,H2,3262,64,50.96,0x0001B7FC,1,3271
4,I32,V3,H2,3277,64,51.20,0x0001B7FC,1,3271
4,I8,V0,H0,46047,64,719.48,0xFFFE6A17,1,3805
4,I8,V1,H0,52310,64,817.34,0xFFFE6A17,1,3805
4,I8,V2,H0,48530,64,758.28,0xFFFE6A17,1,3805
4,I8,V3,H0,48545,64,758.51,0xFFFE6A17,1,3805
4,I8,V0,H1,5953,64,93.01,0xFFFE6A17,1,3119
4,I8,V1,H1,7000,64,109.37,0xFFFE6A17,1,3119
4,I8,V2,H1,5328,64,83.25,0xFFFE6A17,1,3119
4,I8,V3,H1,5343,64,83.48,0xFFFE6A17,1,3119
4,I8,V0,H2,3777,64,59.01,0xFFFE6A17,1,3119
4,I8,V1,H2,4824,64,75.37,0xFFFE6A17,1,3119
4,I8,V2,H2,3152,64,49.25,0xFFFE6A17,1,3119
4,I8,V3,H2,3167,64,49.48,0xFFFE6A17,1,3119
8,I32,V0,H0,347369,512,678.45,0xF8547630,1,4325
8,I32,V1,H0,352854,512,689.16,0xF8547630,1,4325
8,I32,V2,H0,333126,512,650.63,0xF8547630,1,4325
8,I32,V3,H0,333141,512,650.66,0xF8547630,1,4325
8,I32,V0,H1,44760,512,87.42,0xF8547630,1,3655
8,I32,V1,H1,46220,512,90.27,0xF8547630,1,3655
8,I32,V2,H1,39054,512,76.27,0xF8547630,1,3655
8,I32,V3,H1,39069,512,76.30,0xF8547630,1,3655
8,I32,V0,H2,27352,512,53.42,0xF8547630,1,3655
8,I32,V1,H2,28812,512,56.27,0xF8547630,1,3655
8,I32,V2,H2,21646,512,42.27,0xF8547630,1,3655
8,I32,V3,H2,21661,512,42.30,0xF8547630,1,3655
8,I8,V0,H0,293563,512,573.36,0xFFD8F55A,1,3901
8,I8,V1,H0,365022,512,712.93,0xFFD8F55A,1,3901
8,I8,V2,H0,336174,512,656.58,0xFFD8F55A,1,3901
8,I8,V3,H0,336189,512,656.61,0xFFD8F55A,1,3901
8,I8,V0,H1,44117,512,86.16,0xFFD8F55A,1,3215
8,I8,V1,H1,50108,512,97.86,0xFFD8F55A,1,3215
8,I8,V2,H1,38728,512,75.64,0xFFD8F55A,1,3215
8,I8,V3,H1,38743,512,75.66,0xFFD8F55A,1,3215
8,I8,V0,H2,26709,512,52.16,0xFFD8F55A,1,3215
8,I8,V1,H2,32700,512,63.86,0xFFD8F55A,1,3215
8,I8,V2,H2,21320,512,41.64,0xFFD8F55A,1,3215
8,I8,V3,H2,21335,512,41.66,0xFFD8F55A,1,3215
16,I32,V0,H0,2805473,4096,684.92,0x575A48D3,1,5889
16,I32,V1,H0,2839742,4096,693.29,0x575A48D3,1,5889
16,I32,V2,H0,2689534,4096,656.62,0x575A48D3,1,5889
16,I32,V3,H0,2790990,4096,681.39,0x575A48D3,1,5889
16,I32,V0,H1,344160,4096,84.02,0x575A48D3,1,5215
16,I32,V1,H1,347972,4096,84.95,0x575A48D3,1,5215
16,I32,V2,H1,298166,4096,72.79,0x575A48D3,1,5215
16,I32,V3,H1,311285,4096,75.99,0x575A48D3,1,5215
16,I32,V0,H2,204896,4096,50.02,0x575A48D3,1,5215
16,I32,V1,H2,208708,4096,50.95,0x575A48D3,1,5215
16,I32,V2,H2,158902,4096,38.79,0x575A48D3,1,5215
16,I32,V3,H2,171987,4096,41.98,0x575A48D3,1,5215
16,I8,V0,H0,2531531,4096,618.04,0x08EA34EA,1,4313
16,I8,V1,H0,2687150,4096,656.04,0x08EA34EA,1,4313
16,I8,V2,H0,2462510,4096,601.19,0x08EA34EA,1,4313
16,I8,V3,H0,2592190,4096,632.85,0x08EA34EA,1,4313
16,I8,V0,H1,341629,4096,83.40,0x08EA34EA,1,3623
16,I8,V1,H1,380068,4096,92.79,0x08EA34EA,1,3623
16,I8,V2,H1,297024,4096,72.51,0x08EA34EA,1,3623
16,I8,V3,H1,309731,4096,75.61,0x08EA34EA,1,3623
16,I8,V0,H2,202365,4096,49.40,0x08EA34EA,1,3623
16,I8,V1,H2,240804,4096,58.79,0x08EA34EA,1,3623
16,I8,V2,H2,157760,4096,38.51,0x08EA34EA,1,3623
16,I8,V3,H2,170433,4096,41.60,0x08EA34EA,1,3623
32,I32,V0,H0,22063329,32768,673.31,0xC38258DD,1,12033
32,I32,V1,H0,22298782,32768,680.50,0xC38258DD,1,12033
32,I32,V2,H0,21128350,32768,644.78,0xC38258DD,1,12033
32,I32,V3,H0,21965138,32768,670.32,0xC38258DD,1,12033
32,I32,V0,H1,2702448,32768,82.47,0xC38258DD,1,11359
32,I32,V1,H1,2701364,32768,82.43,0xC38258DD,1,11359
32,I32,V2,H1,2333862,32768,71.22,0xC38258DD,1,11359
32,I32,V3,H1,2456877,32768,74.97,0xC38258DD,1,11359
32,I32,V0,H2,1588336,32768,48.47,0xC38258DD,1,11359
32,I32,V1,H2,1587252,32768,48.43,0xC38258DD,1,11359
32,I32,V2,H2,1219750,32768,37.22,0xC38258DD,1,11359
32,I32,V3,H2,1342731,32768,40.97,0xC38258DD,1,11359
32,I8,V0,H0,19699227,32768,601.17,0x0FB4BD02,1,5849
32,I8,V1,H0,21525214,32768,656.89,0x0FB4BD02,1,5849
32,I8,V2,H0,19753822,32768,602.83,0x0FB4BD02,1,5849
32,I8,V3,H0,20811858,32768,635.12,0x0FB4BD02,1,5849
32,I8,V0,H1,2692301,32768,82.16,0x0FB4BD02,1,5159
32,I8,V1,H1,2961140,32768,90.36,0x0FB4BD02,1,5159
32,I8,V2,H1,2329552,32768,71.09,0x0FB4BD02,1,5159
32,I8,V3,H1,2444475,32768,74.59,0x0FB4BD02,1,5159
32,I8,V0,H2,1578189,32768,48.16,0x0FB4BD02,1,5159
32,I8,V1,H2,1847028,32768,56.36,0x0FB4BD02,1,5159
32,I8,V2,H2,1215440,32768,37.09,0x0FB4BD02,1,5159
32,I8,V3,H2,1330329,32768,40.59,0x0FB4BD02,1,5159
